name,path,size,created_time
009_사업방법서_신한탄탄든든유니버설종신보험(무배당)_20240101.pdf,/workspace/host_docs/009_사업방법서_신한탄탄든든유니버설종신보험(무배당)_20240101.pdf,95337,2024-09-27 11:01:05
SHL0081_신한탄탄든든유니버설종신보험(무배당).pdf,/workspace/host_docs/SHL0081_신한탄탄든든유니버설종신보험(무배당).pdf,3061796,2024-09-30 17:18:22
"사업방법서_신한(간편가입)돌봄을ONE한다면종신보험(무배당, 해약환급금 일부지급형)_20240903.pdf","/workspace/host_docs/사업방법서_신한(간편가입)돌봄을ONE한다면종신보험(무배당, 해약환급금 일부지급형)_20240903.pdf",218761,2024-09-27 11:01:05
사업방법서_신한멀티라이프변액유니버설종신보험(무배당)_20240903_v0.2.pdf,/workspace/host_docs/사업방법서_신한멀티라이프변액유니버설종신보험(무배당)_20240903_v0.2.pdf,237659,2024-09-27 11:01:05
"상품요약서_신한(간편가입)돌봄을ONE한다면종신보험(무배당,+해약환급금+일부지급형)_20240808.pdf","/workspace/host_docs/상품요약서_신한(간편가입)돌봄을ONE한다면종신보험(무배당,+해약환급금+일부지급형)_20240808.pdf",207283,2024-09-27 11:01:05
상품요약서_신한탄탄든든유니버설종신보험(무배당)_20240401.pdf,/workspace/host_docs/상품요약서_신한탄탄든든유니버설종신보험(무배당)_20240401.pdf,160652,2024-09-27 11:01:05
판례_2013다22058.pdf,/workspace/host_docs/판례_2013다22058.pdf,76944,2024-09-26 17:35:13
판례_2014다81542.pdf,/workspace/host_docs/판례_2014다81542.pdf,89690,2024-09-26 17:28:01
"판매약관_신한(간편가입)돌봄을ONE한다면종신보험(무배당,+해약환급금+일부지급형)_20240808_v1.pdf","/workspace/host_docs/판매약관_신한(간편가입)돌봄을ONE한다면종신보험(무배당,+해약환급금+일부지급형)_20240808_v1.pdf",3770608,2024-09-27 11:01:05
판매약관_신한멀티라이프변액유니버설종신보험(무배당)_240903.pdf,/workspace/host_docs/판매약관_신한멀티라이프변액유니버설종신보험(무배당)_240903.pdf,3901275,2024-09-30 16:20:18
